{"cameraMode":{"drawMode":0,"name":"Shaded","section":"Shading Mode"},"sceneLighting":false,"audioPlay":false,"sceneViewState":{"showFog":true,"showMaterialUpdate":false,"showSkybox":false,"showFlares":true,"showImageEffects":true,"showParticleSystems":true},"in2DMode":false,"pivot":{"x":0.0,"y":5.010000228881836,"z":-24.639999389648439},"rotation":{"x":-0.15894447267055512,"y":-0.32083067297935488,"z":0.05470879375934601,"w":-0.9321004748344421},"size":24.902915954589845,"orthographic":true}