{"cameraMode":{"drawMode":0,"name":"Shaded","section":"Shading Mode"},"sceneLighting":true,"audioPlay":false,"sceneViewState":{"showFog":false,"showMaterialUpdate":false,"showSkybox":false,"showFlares":false,"showImageEffects":false,"showParticleSystems":false},"in2DMode":false,"pivot":{"x":290.241943359375,"y":17.30952262878418,"z":238.982666015625},"rotation":{"x":-0.10981737822294235,"y":0.13021402060985566,"z":-0.014513397589325905,"w":-0.9852785468101502},"size":38.211448669433597,"orthographic":false}