{"cameraMode":{"drawMode":0,"name":"Shaded","section":"Shading Mode"},"sceneLighting":false,"audioPlay":false,"sceneViewState":{"showFog":true,"showMaterialUpdate":false,"showSkybox":false,"showFlares":true,"showImageEffects":true,"showParticleSystems":true},"in2DMode":false,"pivot":{"x":-2.637133836746216,"y":0.03714941442012787,"z":-1.213281273841858},"rotation":{"x":0.037553634494543079,"y":0.9587684273719788,"z":-0.15167619287967683,"w":0.23737578094005586},"size":2.9803452491760256,"orthographic":true}