{"cameraMode":{"drawMode":0,"name":"Shaded","section":"Shading Mode"},"sceneLighting":false,"audioPlay":false,"sceneViewState":{"showFog":true,"showMaterialUpdate":false,"showSkybox":false,"showFlares":true,"showImageEffects":true,"showParticleSystems":true},"in2DMode":false,"pivot":{"x":-4.76837158203125e-7,"y":0.9999994039535523,"z":4.76837158203125e-7},"rotation":{"x":0.001004774239845574,"y":-0.9965728521347046,"z":0.08180076628923416,"w":0.012254639528691769},"size":32.83462142944336,"orthographic":true}