{"cameraMode":{"drawMode":0,"name":"Shaded","section":"Shading Mode"},"sceneLighting":false,"audioPlay":false,"sceneViewState":{"showFog":true,"showMaterialUpdate":false,"showSkybox":false,"showFlares":true,"showImageEffects":true,"showParticleSystems":true},"in2DMode":false,"pivot":{"x":-4.76837158203125e-7,"y":3.999999523162842,"z":-1.1920928955078126e-7},"rotation":{"x":-0.1613851636648178,"y":-0.7883827686309815,"z":0.23303112387657166,"w":-0.5459889769554138},"size":18.957090377807618,"orthographic":true}