{"cameraMode":{"drawMode":0,"name":"Shaded","section":"Shading Mode"},"sceneLighting":false,"audioPlay":false,"sceneViewState":{"showFog":true,"showMaterialUpdate":false,"showSkybox":false,"showFlares":true,"showImageEffects":true,"showParticleSystems":true},"in2DMode":false,"pivot":{"x":-3.6492252349853517,"y":0.9263651371002197,"z":-3.0303826332092287},"rotation":{"x":0.13513992726802827,"y":-0.4874047636985779,"z":0.07665829360485077,"w":0.8592423796653748},"size":27.170942306518556,"orthographic":true}