{"cameraMode":{"drawMode":0,"name":"Shaded","section":"Shading Mode"},"sceneLighting":false,"audioPlay":false,"sceneViewState":{"showFog":true,"showMaterialUpdate":false,"showSkybox":false,"showFlares":true,"showImageEffects":true,"showParticleSystems":true},"in2DMode":false,"pivot":{"x":0.00000762939453125,"y":3.183307409286499,"z":-3.8161678314208986},"rotation":{"x":-0.04066918045282364,"y":-0.9522826075553894,"z":0.14626020193099976,"w":-0.26478663086891177},"size":62.8516845703125,"orthographic":true}