{"cameraMode":{"drawMode":0,"name":"Shaded","section":"Shading Mode"},"sceneLighting":false,"audioPlay":false,"sceneViewState":{"showFog":true,"showMaterialUpdate":false,"showSkybox":false,"showFlares":true,"showImageEffects":true,"showParticleSystems":true},"in2DMode":false,"pivot":{"x":-0.01487874984741211,"y":3.246269464492798,"z":-0.30894041061401369},"rotation":{"x":-0.04066918045282364,"y":-0.9522826075553894,"z":0.14626020193099976,"w":-0.26478663086891177},"size":34.06254577636719,"orthographic":true}