{"cameraMode":{"drawMode":0,"name":"Shaded","section":"Shading Mode"},"sceneLighting":false,"audioPlay":false,"sceneViewState":{"showFog":true,"showMaterialUpdate":false,"showSkybox":false,"showFlares":true,"showImageEffects":true,"showParticleSystems":true},"in2DMode":false,"pivot":{"x":2.384185791015625e-7,"y":3.999999523162842,"z":-1.0000001192092896},"rotation":{"x":-0.11680719256401062,"y":-0.8562166690826416,"z":0.22127306461334229,"w":-0.4519815742969513},"size":14.00075912475586,"orthographic":true}