{"cameraMode":{"drawMode":0,"name":"Shaded","section":"Shading Mode"},"sceneLighting":false,"audioPlay":false,"sceneViewState":{"showFog":true,"showMaterialUpdate":false,"showSkybox":false,"showFlares":true,"showImageEffects":true,"showParticleSystems":true},"in2DMode":false,"pivot":{"x":-0.014880180358886719,"y":2.1833267211914064,"z":-0.23167657852172852},"rotation":{"x":-0.04066918045282364,"y":-0.9522826075553894,"z":0.14626020193099976,"w":-0.26478663086891177},"size":26.070940017700197,"orthographic":true}