{"cameraMode":{"drawMode":0,"name":"Shaded","section":"Shading Mode"},"sceneLighting":false,"audioPlay":false,"sceneViewState":{"showFog":true,"showMaterialUpdate":false,"showSkybox":false,"showFlares":true,"showImageEffects":true,"showParticleSystems":true},"in2DMode":false,"pivot":{"x":-0.07469725608825684,"y":1.0669641494750977,"z":0.033200979232788089},"rotation":{"x":-0.0034620878286659719,"y":-0.996519148349762,"z":-0.06196499615907669,"w":0.05565957352519035},"size":8.31376838684082,"orthographic":true}