{"cameraMode":{"drawMode":0,"name":"Shaded","section":"Shading Mode"},"sceneLighting":false,"audioPlay":false,"sceneViewState":{"showFog":true,"showMaterialUpdate":false,"showSkybox":false,"showFlares":true,"showImageEffects":true,"showParticleSystems":true},"in2DMode":false,"pivot":{"x":0.0,"y":1.4140362739562989,"z":-0.000003814697265625},"rotation":{"x":-0.04066918045282364,"y":-0.9522826075553894,"z":0.14626020193099976,"w":-0.26478663086891177},"size":144.77462768554688,"orthographic":true}