{"cameraMode":{"drawMode":0,"name":"Shaded","section":"Shading Mode"},"sceneLighting":false,"audioPlay":false,"sceneViewState":{"showFog":true,"showMaterialUpdate":false,"showSkybox":true,"showFlares":true,"showImageEffects":true,"showParticleSystems":true},"in2DMode":false,"pivot":{"x":236.7901153564453,"y":3.7061946392059328,"z":201.7970428466797},"rotation":{"x":-0.020786594599485399,"y":0.9119012951850891,"z":-0.046547792851924899,"w":-0.40723124146461489},"size":15.508387565612793,"orthographic":true}