{"cameraMode":{"drawMode":0,"name":"Shaded","section":"Shading Mode"},"sceneLighting":false,"audioPlay":false,"sceneViewState":{"showFog":true,"showMaterialUpdate":false,"showSkybox":false,"showFlares":true,"showImageEffects":true,"showParticleSystems":true},"in2DMode":false,"pivot":{"x":0.0,"y":3.999999523162842,"z":0.000028959915653103963},"rotation":{"x":-0.11680719256401062,"y":-0.8562166690826416,"z":0.22127306461334229,"w":-0.4519815742969513},"size":29.516096115112306,"orthographic":true}