{"cameraMode":{"drawMode":0,"name":"Shaded","section":"Shading Mode"},"sceneLighting":false,"audioPlay":false,"sceneViewState":{"showFog":true,"showMaterialUpdate":false,"showSkybox":false,"showFlares":true,"showImageEffects":true,"showParticleSystems":true},"in2DMode":false,"pivot":{"x":0.0,"y":6.999999523162842,"z":1.1920928955078126e-7},"rotation":{"x":-0.06777875125408173,"y":-0.6994391083717346,"z":0.06692782789468765,"w":-0.7083159685134888},"size":35.23439025878906,"orthographic":true}