{"cameraMode":{"drawMode":0,"name":"Shaded","section":"Shading Mode"},"sceneLighting":true,"audioPlay":false,"sceneViewState":{"showFog":true,"showMaterialUpdate":false,"showSkybox":false,"showFlares":true,"showImageEffects":true,"showParticleSystems":true},"in2DMode":false,"pivot":{"x":93.4000015258789,"y":4.300000190734863,"z":183.5},"rotation":{"x":0.08091714233160019,"y":-0.08438394963741303,"z":0.006876328494399786,"w":0.9931186437606812},"size":0.9379998445510864,"orthographic":true}