{"cameraMode":{"drawMode":0,"name":"Shaded","section":"Shading Mode"},"sceneLighting":false,"audioPlay":false,"sceneViewState":{"showFog":true,"showMaterialUpdate":false,"showSkybox":false,"showFlares":true,"showImageEffects":true,"showParticleSystems":true},"in2DMode":false,"pivot":{"x":0.0,"y":3.999999523162842,"z":-1.1920565157197416e-7},"rotation":{"x":-0.0034620878286659719,"y":-0.996519148349762,"z":-0.06196499615907669,"w":0.05565957352519035},"size":13.606246948242188,"orthographic":true}